atoms_per_second,compile_s,engine,mean_ms,median_ms,model,natoms,nedges,neighbors_per_atom,p10_ms,p90_ms,parameters,peak_memory_gib,prepare_s,status,steps_per_second,task,warmup_s
1437.8480978078926,0.0,native-mace,22.28858123222987,22.25548028945923,Native MACE (CuEq),32,1024,32.0,22.141635417938232,22.49768376350403,650944,0.03422403335571289,0.009350359439849854,ok,44.932753056496644,inference,20.423709481954575
2921.1964999106463,0.0,native-mace,21.922220289707184,21.908830851316452,Native MACE (CuEq),64,2048,32.0,21.784722805023193,22.046491503715515,650944,0.0538783073425293,0.0012789592146873474,ok,45.64369531110385,inference,0.3750522583723068
5857.973471497997,0.0,native-mace,21.86150699853897,21.85055986046791,Native MACE (CuEq),128,4096,32.0,21.764017641544342,21.983608603477478,650944,0.08284473419189453,0.0013957098126411438,ok,45.7654177460781,inference,0.16435403376817703
11716.805907552129,0.0,native-mace,21.855046972632408,21.848957985639572,Native MACE (CuEq),256,8192,32.0,21.796591579914093,21.87962830066681,650944,0.14493131637573242,0.0016201362013816833,ok,45.7687730763755,inference,0.06697892397642136
23470.464025399662,0.0,native-mace,21.839122598369915,21.814651787281036,Native MACE (CuEq),512,16384,32.0,21.786503493785858,21.886564791202545,650944,0.2678837776184082,0.0018043890595436096,ok,45.840750049608715,inference,0.0667286217212677
46841.47494921407,0.0,native-mace,21.879087512691815,21.860968321561813,Native MACE (CuEq),1024,32768,32.0,21.81597799062729,21.89885824918747,650944,0.5158638954162598,0.002328038215637207,ok,45.743627880091864,inference,0.06746833771467209
93397.27951985387,0.0,native-mace,21.932752802968025,21.927833557128906,Native MACE (CuEq),2048,65536,32.0,21.89851552248001,21.936021745204926,650944,1.008772373199463,0.0035964548587799072,ok,45.604140390553646,inference,0.0683196559548378
652.411525184188,0.0,native-mace,49.04879629611969,49.04879629611969,Native MACE (CuEq),32,1024,32.0,49.04879629611969,49.04879629611969,650944,0.054215431213378906,0.0007876455783843994,ok,20.387860162005875,train,55.78329446166754
1311.268045722896,0.0,native-mace,48.80771723886331,48.80771723886331,Native MACE (CuEq),64,2048,32.0,48.80771723886331,48.80771723886331,650944,0.08657503128051758,0.0008121281862258911,ok,20.48856321442025,train,0.5506311058998108
2630.137125621223,0.0,native-mace,48.66666408876578,48.66666408876578,Native MACE (CuEq),128,4096,32.0,48.66666408876578,48.66666408876578,650944,0.14580154418945312,0.0008853375911712646,ok,20.547946293915803,train,0.4778851866722107
5239.362861024975,0.0,native-mace,48.86090289801359,48.86090289801359,Native MACE (CuEq),256,8192,32.0,48.86090289801359,48.86090289801359,650944,0.27158212661743164,0.0009778961539268494,ok,20.46626117587881,train,0.24792897701263428
10506.433639777391,0.0,native-mace,48.73204529285431,48.73204529285431,Native MACE (CuEq),512,16384,32.0,48.73204529285431,48.73204529285431,650944,0.5170397758483887,0.0012516751885414124,ok,20.520378202690218,train,0.2492530643939972
20875.934620157775,0.0,native-mace,49.05169606208801,49.05169606208801,Native MACE (CuEq),1024,32768,32.0,49.05169606208801,49.05169606208801,650944,1.0079550743103027,0.00497552752494812,ok,20.386654902497828,train,0.2509528249502182
41842.27530186095,0.0,native-mace,48.94571304321289,48.94571304321289,Native MACE (CuEq),2048,65536,32.0,48.94571304321289,48.94571304321289,650944,1.9852690696716309,0.006760776042938232,ok,20.430798487236792,train,0.25366997718811035
7680.577283379695,25.536869503557682,ictc-baseline,4.168234020471573,4.166353493928909,MACE-ICTC,32,1024,32.0,4.129469394683838,4.191331565380096,652736,0.2146468162536621,25.54096756875515,ok,240.01804010561546,inference,0.013369746506214142
12046.31850624513,32.66365534812212,ictc-baseline,5.327426890532176,5.312826484441757,MACE-ICTC,64,2048,32.0,5.2662193775177,5.3931474685668945,652736,0.38692522048950195,32.66431660950184,ok,188.22372666008016,inference,0.017164140939712524
22721.043091619536,29.739651426672935,ictc-baseline,5.668261647224426,5.63354417681694,MACE-ICTC,128,4096,32.0,5.594760179519653,5.816467106342316,652736,0.6905755996704102,29.74038915336132,ok,177.50814915327763,inference,0.01747807115316391
27799.332251071304,34.36074037849903,ictc-baseline,9.240644425153732,9.208854287862778,MACE-ICTC,256,8192,32.0,9.145401418209076,9.368598461151123,652736,1.3147354125976562,34.36164076626301,ok,108.59114160574728,inference,0.024970844388008118
30615.746395260227,36.78633975237608,ictc-baseline,16.70291709403197,16.723420470952988,MACE-ICTC,512,16384,32.0,16.516245901584625,16.769804060459137,652736,2.600076675415039,36.787529930472374,ok,59.79637967824263,inference,0.04770500212907791
35262.81464315949,27.879328049719334,ictc-baseline,28.993902107079823,29.039088636636734,MACE-ICTC,1024,32768,32.0,28.842225670814514,29.06564623117447,652736,3.871537208557129,27.88564720749855,ok,34.436342424960436,inference,0.08620961010456085
33345.28719999718,29.076210841536522,ictc-baseline,61.41616217792034,61.41797453165054,MACE-ICTC,2048,65536,32.0,61.30300462245941,61.51736527681351,652736,10.312246322631836,29.084934398531914,ok,16.281878515623625,inference,0.18322232365608215
2691.068776597611,47.47534779459238,ictc-baseline,11.891186237335205,11.891186237335205,MACE-ICTC,32,1024,32.0,11.891186237335205,11.891186237335205,652736,0.32352495193481445,0.0009023919701576233,ok,84.09589926867534,train,47.49081316590309
5374.01680128139,47.12563143670559,ictc-baseline,11.909155175089836,11.909155175089836,MACE-ICTC,64,2048,32.0,11.909155175089836,11.909155175089836,652736,0.5180172920227051,0.0009712204337120056,ok,83.96901252002172,train,47.14133459329605
10076.10066245881,48.09457040578127,ictc-baseline,12.703326841195425,12.703326841195425,MACE-ICTC,128,4096,32.0,12.703326841195425,12.703326841195425,652736,0.9392266273498535,0.0011428743600845337,ok,78.71953642545945,train,48.10938908159733
11885.0826783978,48.51176259666681,ictc-baseline,21.539606153964996,21.539606153964996,MACE-ICTC,256,8192,32.0,21.539606153964996,21.539606153964996,652736,1.824841022491455,0.0012955069541931152,ok,46.4261042124914,train,48.535489782691
12636.33243472242,52.795901857316494,ictc-baseline,40.51808565855026,40.51808565855026,MACE-ICTC,512,16384,32.0,40.51808565855026,40.51808565855026,652736,3.6835274696350098,0.005678892135620117,ok,24.680336786567228,train,52.838267773389816
12854.568961621262,55.353102557361126,ictc-baseline,79.66039180755615,79.66039180755615,MACE-ICTC,1024,32768,32.0,79.66039180755615,79.66039180755615,652736,7.2657294273376465,0.006788872182369232,ok,12.553290001583264,train,55.43481530249119
12520.84653665318,57.40203467011452,ictc-baseline,163.5672152042389,163.5672152042389,MACE-ICTC,2048,65536,32.0,163.5672152042389,163.5672152042389,652736,14.431592464447021,0.00790666788816452,ok,6.1136945979751856,train,57.56724026799202
6061.5777666126605,32.41770138591528,chorus-r8,5.297371248404185,5.27915358543396,CHORUS R8,32,1024,32.0,5.242303013801575,5.347691476345062,744070,0.21807289123535156,32.42178347706795,ok,189.42430520664564,inference,0.017907343804836273
6317.545178882028,33.194303564727306,chorus-r8,10.155457258224487,10.130517184734344,CHORUS R8,64,2048,32.0,9.925417602062225,10.425500571727753,744070,0.5299272537231445,33.19501043111086,ok,98.71164342003169,inference,0.031047195196151733
14778.280393769333,32.55943454056978,chorus-r8,8.67722307642301,8.661359548568726,CHORUS R8,128,4096,32.0,8.550181984901428,8.808881044387817,744070,1.007094383239746,32.56021077185869,ok,115.45531557632292,inference,0.027904920279979706
22458.372845816477,34.211351364851,chorus-r8,11.400454863905907,11.398866772651672,CHORUS R8,256,8192,32.0,11.250056326389313,11.575549840927124,744070,1.9309678077697754,34.212275102734566,ok,87.72801892897061,inference,0.03150853514671326
24829.387616357024,33.28723791986704,chorus-r8,20.61310224235058,20.62072604894638,CHORUS R8,512,16384,32.0,20.52365243434906,20.708180963993073,744070,3.8306074142456055,33.28842446953058,ok,48.49489768819731,inference,0.05960883945226669
26162.507925430953,51.62650740891695,chorus-r8,39.12514572342237,39.13997858762741,CHORUS R8,1024,32768,32.0,39.060018956661224,39.17226195335388,744070,7.883645057678223,51.63300061225891,ok,25.549324145928665,inference,0.11606776714324951
26420.94846371559,57.005743227899075,chorus-r8,77.52747337023418,77.51424983143806,CHORUS R8,2048,65536,32.0,77.30003446340561,77.70233601331711,744070,15.225391864776611,57.0133281648159,ok,12.900853742048628,inference,0.23202811181545258
1616.6233415840093,61.56935299932957,chorus-r8,19.794344902038574,19.794344902038574,CHORUS R8,32,1024,32.0,19.794344902038574,19.794344902038574,744070,0.3991665840148926,0.0009921267628669739,ok,50.51947942450029,train,61.59365942329168
3161.986252433089,60.812674552202225,chorus-r8,20.240442206462223,20.240442206462223,CHORUS R8,64,2048,32.0,20.240442206462223,20.240442206462223,744070,0.7259678840637207,0.000999540090560913,ok,49.40603519426701,train,60.836610928177834
6763.680537413549,59.39646930992603,chorus-r8,18.924607584873836,18.924607584873836,CHORUS R8,128,4096,32.0,18.924607584873836,18.924607584873836,744070,1.3086085319519043,0.0010870695114135742,ok,52.84125419854335,train,59.41914938390255
8590.85085993703,61.795226484537125,chorus-r8,29.79914378374815,29.79914378374815,CHORUS R8,256,8192,32.0,29.79914378374815,29.79914378374815,744070,2.536827564239502,0.003610566258430481,ok,33.558011171629026,train,61.827017083764076
9084.230031482279,63.176230274140835,chorus-r8,56.3614085316658,56.3614085316658,CHORUS R8,512,16384,32.0,56.3614085316658,56.3614085316658,744070,5.043864727020264,0.005802571773529053,ok,17.742636780238826,train,63.23502526432276
9124.450853915421,82.34923357516527,chorus-r8,112.22593188285828,112.22593188285828,CHORUS R8,1024,32768,32.0,112.22593188285828,112.22593188285828,744070,10.142595767974854,0.006835855543613434,ok,8.910596537026779,train,82.46342423558235
8821.296468317261,86.49839822202921,chorus-r8,232.1654200553894,232.1654200553894,CHORUS R8,2048,65536,32.0,232.1654200553894,232.1654200553894,744070,20.185084342956543,0.007967434823513031,ok,4.307273666170538,train,86.73287934064865
6066.102370317537,15.269647657871246,chorus-r16,5.293816079696019,5.275215953588486,CHORUS R16,32,1024,32.0,5.249693989753723,5.319572985172272,792198,0.2178936004638672,15.273728556931019,ok,189.56569907242303,inference,0.017261900007724762
6397.346452834292,38.818833976984024,chorus-r16,10.005738089481989,10.00414788722992,CHORUS R16,64,2048,32.0,9.809374809265137,10.224498808383942,792198,0.5485448837280273,38.819485232234,ok,99.95853832553581,inference,0.03137190639972687
14849.58986901058,39.42474719136953,chorus-r16,8.626735210418701,8.619766682386398,CHORUS R16,128,4096,32.0,8.501321077346802,8.72812420129776,792198,1.0159292221069336,39.4254956766963,ok,116.01242085164516,inference,0.02781766653060913
22732.90379197779,40.729204908013344,chorus-r16,11.332311108708382,11.261209845542908,CHORUS R16,256,8192,32.0,11.212185025215149,11.511504650115967,792198,1.945307731628418,40.73011277616024,ok,88.80040543741325,inference,0.031566038727760315
24667.505460132168,45.28602897375822,chorus-r16,20.778746033708256,20.756050944328308,CHORUS R16,512,16384,32.0,20.74321359395981,20.833320915699005,792198,3.856081962585449,45.28718865662813,ok,48.17872160182064,inference,0.06048186868429184
30515.529305921842,42.56075620651245,chorus-r16,33.54166386028131,33.55668485164642,CHORUS R16,1024,32768,32.0,33.38424861431122,33.66139531135559,792198,4.436986446380615,42.566800244152546,ok,29.8003215878143,inference,0.1000882238149643
26291.117612375703,41.678074568510056,chorus-r16,77.89246613780658,77.89703086018562,CHORUS R16,2048,65536,32.0,77.63707637786865,78.10640335083008,792198,15.329326629638672,41.68674099445343,ok,12.837459771667824,inference,0.23290114849805832
1611.130009428652,23.328925170004368,chorus-r16,19.86183598637581,19.86183598637581,CHORUS R16,32,1024,32.0,19.86183598637581,19.86183598637581,792198,0.39606285095214844,0.0009442120790481567,ok,50.34781279464538,train,23.353158071637154
3175.973898151583,72.06551773101091,chorus-r16,20.151299114028614,20.151299114028614,CHORUS R16,64,2048,32.0,20.151299114028614,20.151299114028614,792198,0.7519001960754395,0.0010697320103645325,ok,49.62459215861848,train,72.09021779894829
6793.093221053569,71.4735806286335,chorus-r16,18.842667962114017,18.842667962114017,CHORUS R16,128,4096,32.0,18.842667962114017,18.842667962114017,792198,1.3932719230651855,0.0011596009135246277,ok,53.07104078948101,train,71.49661938846111
8592.506167986588,73.63864237070084,chorus-r16,29.79340311139822,29.79340311139822,CHORUS R16,256,8192,32.0,29.79340311139822,29.79340311139822,792198,2.6225533485412598,0.001952938735485077,ok,33.56447721869761,train,73.67098614573479
9048.370033540055,77.5065598860383,chorus-r16,56.58477693796158,56.58477693796158,CHORUS R16,512,16384,32.0,56.58477693796158,56.58477693796158,792198,5.151914119720459,0.005721837282180786,ok,17.67259772175792,train,77.56537415087223
9026.406358642058,82.34378423541784,chorus-r16,113.44492584466934,113.44492584466934,CHORUS R16,1024,32768,32.0,113.44492584466934,113.44492584466934,792198,10.197020530700684,0.007924467325210571,ok,8.814849959611385,train,82.46001555770636
8758.381644963667,59.203715831041336,chorus-r16,233.83315354585648,233.83315354585648,CHORUS R16,2048,65536,32.0,233.83315354585648,233.83315354585648,792198,20.166130542755127,0.008019961416721344,ok,4.2765535375799155,train,59.43955271691084
6070.753861919334,34.627653777599335,chorus-r32,5.296265085538228,5.2711740136146545,CHORUS R32,32,1024,32.0,5.2504390478134155,5.332030355930328,888454,0.2214946746826172,34.63177201896906,ok,189.71105818497918,inference,0.01800452172756195
6322.913885894458,37.94731852412224,chorus-r32,10.120682666699091,10.121915489435196,CHORUS R32,64,2048,32.0,9.923659265041351,10.342240333557129,888454,0.5576276779174805,37.94800014793873,ok,98.7955294671009,inference,0.03204701095819473
14929.42939164719,38.8815893009305,chorus-r32,8.576716979344686,8.57366994023323,CHORUS R32,128,4096,32.0,8.458234369754791,8.664481341838837,888454,1.0276174545288086,38.88230665773153,ok,116.63616712224368,inference,0.027583807706832886
22251.07928788233,39.450790628790855,chorus-r32,11.491493508219719,11.505059897899628,CHORUS R32,256,8192,32.0,11.314824223518372,11.656515300273895,888454,1.9726471900939941,39.45168247073889,ok,86.91827846829035,inference,0.03226000815629959
24473.933472561348,41.63121900707483,chorus-r32,20.91769687831402,20.920217037200928,CHORUS R32,512,16384,32.0,20.763710141181946,20.965605974197388,888454,3.912951946258545,41.632388077676296,ok,47.80065131359638,inference,0.06090673804283142
25761.89567908576,41.26558505743742,chorus-r32,39.786589642365776,39.748627692461014,CHORUS R32,1024,32768,32.0,39.59129750728607,39.97162729501724,888454,7.79180908203125,41.27205453068018,ok,25.158101249107187,inference,0.11809852719306946
25981.611966188673,47.43489592522383,chorus-r32,78.75719852745533,78.8249783217907,CHORUS R32,2048,65536,32.0,78.57058942317963,78.84806394577026,888454,15.54317855834961,47.44254486262798,ok,12.686333967865563,inference,0.23599494993686676
1600.060040024779,58.73770002275705,chorus-r32,19.99924952785174,19.99924952785174,CHORUS R32,32,1024,32.0,19.99924952785174,19.99924952785174,888454,0.40973377227783203,0.000979110598564148,ok,50.001876250774345,train,58.7623450756073
3152.051341277167,58.44463238865137,chorus-r32,20.304237802823383,20.304237802823383,CHORUS R32,64,2048,32.0,20.304237802823383,20.304237802823383,888454,0.7231831550598145,0.00107651948928833,ok,49.250802207455735,train,58.46845609694719
6741.756490388036,57.747426606714725,chorus-r32,18.98615000148614,18.98615000148614,CHORUS R32,128,4096,32.0,18.98615000148614,18.98615000148614,888454,1.3349614143371582,0.0011918321251869202,ok,52.66997258115653,train,57.769422121346
8475.930414326232,59.707933492958546,chorus-r32,30.203173868358135,30.203173868358135,CHORUS R32,256,8192,32.0,30.203173868358135,30.203173868358135,888454,2.5815014839172363,0.003619574010372162,ok,33.109103180961846,train,59.74007186293602
8942.12743471833,80.34590024501085,chorus-r32,57.257068157196045,57.257068157196045,CHORUS R32,512,16384,32.0,57.257068157196045,57.257068157196045,888454,5.209371566772461,0.005789138376712799,ok,17.465092645934238,train,80.40548942238092
8904.402815756357,62.96820666640997,chorus-r32,114.9992898106575,114.9992898106575,CHORUS R32,1024,32768,32.0,114.9992898106575,114.9992898106575,888454,10.216606616973877,0.006838485598564148,ok,8.695705874762067,train,63.08547229319811
8649.172776345189,85.95493553578854,chorus-r32,236.7856502532959,236.7856502532959,CHORUS R32,2048,65536,32.0,236.7856502532959,236.7856502532959,888454,20.52139139175415,0.007975317537784576,ok,4.223228894699799,train,86.19415102899075
1003.8050920533673,3.080548271536827,dpa4,31.87612270315488,31.878698617219925,DPA-4 C32 (FP32 compiled),32,-1,,31.783372163772583,31.953923404216766,650428,0.07009553909301758,3.0816446989774704,ok,31.368909126667727,inference,0.09678217023611069
1979.7799528121964,0.03570237755775452,dpa4,32.32477381825447,32.326824963092804,DPA-4 C32 (FP32 compiled),64,-1,,32.269567251205444,32.403357326984406,650428,0.12572622299194336,0.037213072180747986,ok,30.93406176269057,inference,0.09682366997003555
3969.899976245121,0.0346832275390625,dpa4,32.26026892662048,32.24262595176697,DPA-4 C32 (FP32 compiled),128,-1,,32.17674046754837,32.34705328941345,650428,0.21972131729125977,0.03590346872806549,ok,31.014843564415006,inference,0.09643483906984329
7949.016334820855,0.03571547567844391,dpa4,32.21748322248459,32.2052426636219,DPA-4 C32 (FP32 compiled),256,-1,,32.16499835252762,32.25880116224289,650428,0.40459585189819336,0.03696674108505249,ok,31.050845057893966,inference,0.09630455821752548
15932.134141151855,0.22970867156982422,dpa4,32.164884731173515,32.13630989193916,DPA-4 C32 (FP32 compiled),512,-1,,32.06751495599747,32.25492686033249,650428,0.7729306221008301,0.2310476452112198,ok,31.117449494437217,inference,0.09591150283813477
29763.24751726521,0.04095973074436188,dpa4,34.391628578305244,34.40484777092934,DPA-4 C32 (FP32 compiled),1024,-1,,34.354113042354584,34.42007303237915,650428,1.4967079162597656,0.04242963343858719,ok,29.065671403579305,inference,0.10217968374490738
37522.77715221139,0.05980883538722992,dpa4,54.571827252705894,54.58018183708191,DPA-4 C32 (FP32 compiled),2048,-1,,54.446183145046234,54.686449468135834,650428,2.935025691986084,0.06146758049726486,ok,18.321668531353218,inference,0.16285502165555954
1482.362699121741,124.53519869595766,dpa4,21.640665208299954,21.587159484624863,DPA-4 C32 (FP32 compiled),32,-1,,21.508000791072845,21.71718329191208,650428,0.19507884979248047,124.53667786717415,ok,46.3238343475544,train,0.070406973361969
2951.506986689427,0.02641407400369644,dpa4,21.688017373283703,21.683838218450546,DPA-4 C32 (FP32 compiled),64,-1,,21.640457212924957,21.715104579925537,650428,0.23055410385131836,0.02776932716369629,ok,46.117296667022295,train,0.06543071568012238
5924.169427708117,0.027833707630634308,dpa4,21.61756840844949,21.606404334306717,DPA-4 C32 (FP32 compiled),128,-1,,21.57151699066162,21.639585494995117,650428,0.43335485458374023,0.02915341407060623,ok,46.28257365396966,train,0.06564827263355255
11902.462927234903,0.029248394072055817,dpa4,21.501497365534306,21.508153527975082,DPA-4 C32 (FP32 compiled),256,-1,,21.450355648994446,21.532908082008362,650428,0.8437533378601074,0.030595913529396057,ok,46.49399580951134,train,0.0651761069893837
19312.462320036804,0.03608083724975586,dpa4,26.532496511936188,26.511378586292267,DPA-4 C32 (FP32 compiled),512,-1,,26.414647698402405,26.650160551071167,650428,1.6247739791870117,0.03763042390346527,ok,37.71965296882188,train,0.07966740429401398
21715.923953238358,0.050606273114681244,dpa4,47.20154255628586,47.15433716773987,DPA-4 C32 (FP32 compiled),1024,-1,,47.10875451564789,47.233425080776215,650428,3.2122249603271484,0.05222760885953903,ok,21.206956985584334,train,0.14077641814947128
21728.503174244823,0.09832718968391418,dpa4,94.27014291286469,94.25407648086548,DPA-4 C32 (FP32 compiled),2048,-1,,94.1363200545311,94.27009522914886,650428,6.298783302307129,0.10009392350912094,ok,10.60962069054923,train,0.28180868178606033
1003.2350889691769,3.0731035321950912,dpa4,31.899506350358326,31.896810978651047,DPA-4 C48 (FP32 compiled),32,-1,,31.791456043720245,31.962759792804718,1296800,0.09882450103759766,3.0742211043834686,ok,31.351096530286778,inference,0.0970735177397728
1981.3672996249213,0.03593628853559494,dpa4,32.28923628727595,32.3009267449379,DPA-4 C48 (FP32 compiled),64,-1,,32.07256644964218,32.442934811115265,1296800,0.18018484115600586,0.03740017116069794,ok,30.958864056639396,inference,0.09709995985031128
3973.028339956447,0.03569222241640091,dpa4,32.236104210217796,32.21723809838295,DPA-4 C48 (FP32 compiled),128,-1,,32.150790095329285,32.3360413312912,1296800,0.3113846778869629,0.036877647042274475,ok,31.03928390590974,inference,0.09674088656902313
7923.014819563263,0.03818587213754654,dpa4,32.31566660106182,32.310932874679565,DPA-4 C48 (FP32 compiled),256,-1,,32.23693370819092,32.34771639108658,1296800,0.568415641784668,0.0395689457654953,ok,30.949276638918995,inference,0.0967271700501442
15911.562513907094,0.23013605922460556,dpa4,32.19621255993843,32.17785805463791,DPA-4 C48 (FP32 compiled),512,-1,,32.15337544679642,32.21491724252701,1296800,1.0858092308044434,0.23146605491638184,ok,31.077270534974794,inference,0.09600293636322021
25500.046750194302,0.04704783111810684,dpa4,40.11508325735728,40.15678912401199,DPA-4 C48 (FP32 compiled),1024,-1,,39.9366170167923,40.174245834350586,1296800,2.0914063453674316,0.048631273210048676,ok,24.902389404486623,inference,0.11913381516933441
27506.696046592824,0.0758061408996582,dpa4,74.453121672074,74.45459812879562,DPA-4 C48 (FP32 compiled),2048,-1,,74.41728562116623,74.48574900627136,1296800,4.134929656982422,0.07743436098098755,ok,13.431003929000402,inference,0.22280869632959366
1499.0602604126584,123.44786846637726,dpa4,21.397903561592102,21.34670689702034,DPA-4 C48 (FP32 compiled),32,-1,,21.22677117586136,21.457113325595856,1296800,0.2514529228210449,123.44935401529074,ok,46.845633137895575,train,0.06894411891698837
2977.7901931505103,0.02701134979724884,dpa4,21.495602404077847,21.492447704076767,DPA-4 C48 (FP32 compiled),64,-1,,21.443158388137817,21.53272181749344,1296800,0.33298730850219727,0.028365813195705414,ok,46.52797176797672,train,0.06510404497385025
5992.817000893174,0.028789713978767395,dpa4,21.355728929241497,21.358903497457504,DPA-4 C48 (FP32 compiled),128,-1,,21.29165083169937,21.38979732990265,1296800,0.6216011047363281,0.030174121260643005,ok,46.81888281947792,train,0.06719917058944702
10943.489272766796,0.03200381249189377,dpa4,23.431033827364445,23.392904549837112,DPA-4 C48 (FP32 compiled),256,-1,,23.319818079471588,23.556724190711975,1296800,1.1920228004455566,0.03340078890323639,ok,42.748004971745296,train,0.0694374218583107
15139.35310849284,0.042509809136390686,dpa4,33.81332606077194,33.81914645433426,DPA-4 C48 (FP32 compiled),512,-1,,33.745504915714264,33.834218978881836,1296800,2.335240364074707,0.044001951813697815,ok,29.569049040025078,train,0.10075531154870987
15948.753039383879,0.06530175358057022,dpa4,64.19074237346649,64.20564651489258,DPA-4 C48 (FP32 compiled),1024,-1,,64.11746889352798,64.21209871768951,1296800,4.56585693359375,0.06692680716514587,ok,15.57495414002332,train,0.19169729202985764
16071.479510227755,0.14006220549345016,dpa4,127.39115953445435,127.43070721626282,DPA-4 C48 (FP32 compiled),2048,-1,,127.19640135765076,127.44387984275818,1296800,9.046026706695557,0.14175225794315338,ok,7.847402104603396,train,0.38127240538597107
760.0229647244024,0.0,tece,42.10484499732653,42.10399091243744,TECE C36 (OpenEq),32,1024,32.0,42.000144720077515,42.2186553478241,824541,0.09185791015625,0.004394203424453735,ok,23.750717647637575,inference,0.6561710387468338
1507.847950544317,0.0,tece,42.44602918624878,42.44459792971611,TECE C36 (OpenEq),64,2048,32.0,42.395539581775665,42.4901619553566,824541,0.15327835083007812,0.005285598337650299,ok,23.560124227254953,inference,0.12964215129613876
3009.6104502598964,0.0,tece,42.5396184126536,42.530421167612076,TECE C36 (OpenEq),128,4096,32.0,42.489178478717804,42.57524013519287,824541,0.268679141998291,0.005974322557449341,ok,23.51258164265544,inference,0.13092389702796936
6012.314203553032,0.0,tece,42.57593788206577,42.579278349876404,TECE C36 (OpenEq),256,8192,32.0,42.52906143665314,42.609743773937225,824541,0.5003170967102051,0.0073180049657821655,ok,23.48560235762903,inference,0.1312190592288971
11998.15115603119,0.0,tece,42.68305872877439,42.67324134707451,TECE C36 (OpenEq),512,16384,32.0,42.648471891880035,42.68862307071686,824541,0.9611935615539551,0.009052485227584839,ok,23.433888976623418,inference,0.13250009715557098
15357.461605020042,0.0,tece,66.63152078787486,66.67768582701683,TECE C36 (OpenEq),1024,32768,32.0,66.44906848669052,66.71487540006638,824541,1.8761258125305176,0.014015905559062958,ok,14.997521098652385,inference,0.19138750433921814
16213.957141928535,0.0,tece,126.20224555333455,126.31092965602875,TECE C36 (OpenEq),2048,65536,32.0,125.91331452131271,126.34895741939545,824541,3.714895725250244,0.022633612155914307,ok,7.916971260707292,inference,0.37264861911535263
282.4676081996466,0.0,tece,113.27338280777137,113.28732594847679,TECE C36 (OpenEq),32,1024,32.0,113.10258507728577,113.37608844041824,824541,0.1856832504272461,0.004581190645694733,ok,8.827112756238956,train,0.38753993809223175
564.2159371328607,0.0,tece,113.51089241604011,113.43174800276756,TECE C36 (OpenEq),64,2048,32.0,113.39320987462997,113.56762051582336,824541,0.3354005813598633,0.005510993301868439,ok,8.81587401770095,train,0.3458048924803734
1126.2715145966195,0.0,tece,113.6535865565141,113.64932730793953,TECE C36 (OpenEq),128,4096,32.0,113.56916278600693,113.69985342025757,824541,0.6214466094970703,0.0063102468848228455,ok,8.79899620778609,train,0.34969601035118103
2253.3111822500946,0.0,tece,113.585339859128,113.61058428883553,TECE C36 (OpenEq),256,8192,32.0,113.26209455728531,113.7658879160881,824541,1.2030940055847168,0.0076079294085502625,ok,8.801996805664432,train,0.35066115856170654
4486.134379548921,0.0,tece,114.12194818258286,114.129438996315,TECE C36 (OpenEq),512,16384,32.0,113.89891803264618,114.18144404888153,824541,2.347282886505127,0.00930110365152359,ok,8.761981210056486,train,0.3564623296260834
6117.227946722384,0.0,tece,167.40563958883286,167.39608347415924,TECE C36 (OpenEq),1024,32768,32.0,167.184978723526,167.43779182434082,824541,4.641016483306885,0.014110811054706573,ok,5.9738554167210784,train,0.5029687583446503
6228.268855350662,0.0,tece,328.75084429979324,328.8233131170273,TECE C36 (OpenEq),2048,65536,32.0,328.36123555898666,328.8261666893959,824541,9.23738718032837,0.024490684270858765,ok,3.0411469020266906,train,0.9806371852755547
760.3088658353539,0.0,tece,42.10434978206953,42.088158428668976,TECE C48 (OpenEq),32,1024,32.0,42.03625023365021,42.205169796943665,1435065,0.1269979476928711,0.004434108734130859,ok,23.75965205735481,inference,0.6661920547485352
1510.7399819061568,0.0,tece,42.36611872911453,42.36334562301636,TECE C48 (OpenEq),64,2048,32.0,42.30980575084686,42.40782558917999,1435065,0.21285533905029297,0.0052344053983688354,ok,23.6053122172837,inference,0.12893150746822357
3019.025573783974,0.0,tece,42.40501895546913,42.39778593182564,TECE C48 (OpenEq),128,4096,32.0,42.36816614866257,42.434945702552795,1435065,0.37383127212524414,0.005962669849395752,ok,23.586137295187296,inference,0.1304682269692421
6016.630676574921,0.0,tece,42.567891255021095,42.548730969429016,TECE C48 (OpenEq),256,8192,32.0,42.508579790592194,42.6381379365921,1435065,0.694002628326416,0.007238507270812988,ok,23.502463580370787,inference,0.13174495846033096
10910.641725266298,0.0,tece,46.9050332903862,46.92666232585907,TECE C48 (OpenEq),512,16384,32.0,46.641185879707336,47.075055539608,1435065,1.331850528717041,0.009344503283500671,ok,21.309847119660738,inference,0.13778475672006607
12254.880765629148,0.0,tece,83.5478138178587,83.55854451656342,TECE C48 (OpenEq),1024,32768,32.0,83.44276994466782,83.6840346455574,1435065,2.584810733795166,0.014025740325450897,ok,11.967656997684715,inference,0.24091744422912598
12499.739694121929,0.0,tece,163.86636657019457,163.84341195225716,TECE C48 (OpenEq),2048,65536,32.0,163.6924147605896,163.95503282546997,1435065,5.113619327545166,0.022777579724788666,ok,6.103388522520473,inference,0.4866366386413574
283.0243065036219,0.0,tece,113.05757363637288,113.064493983984,TECE C48 (OpenEq),32,1024,32.0,112.90545016527176,113.13347518444061,1435065,0.2624492645263672,0.004530236124992371,ok,8.844509578238185,train,0.38993454724550247
566.1167696893897,0.0,tece,113.10751860340436,113.05088177323341,TECE C48 (OpenEq),64,2048,32.0,112.9470020532608,113.14673721790314,1435065,0.46436643600463867,0.005592383444309235,ok,8.845574526396714,train,0.3457542136311531
1129.3723408888459,0.0,tece,113.36834914982319,113.33728954195976,TECE C48 (OpenEq),128,4096,32.0,113.1816878914833,113.51291090250015,1435065,0.8635048866271973,0.006327517330646515,ok,8.823221413194108,train,0.34956224262714386
2249.9218148180416,0.0,tece,113.75985946506262,113.78173157572746,TECE C48 (OpenEq),256,8192,32.0,113.47141861915588,114.05082046985626,1435065,1.6584014892578125,0.007817663252353668,ok,8.788757089132975,train,0.3525371104478836
4209.807365908007,0.0,tece,121.59473448991776,121.6207668185234,TECE C48 (OpenEq),512,16384,32.0,121.35953456163406,121.67101353406906,1435065,3.2445878982543945,0.009415172040462494,ok,8.222280011539077,train,0.3739495277404785
4752.12186491638,0.0,tece,215.47765880823135,215.4826894402504,TECE C48 (OpenEq),1024,32768,32.0,215.3358981013298,215.51864594221115,1435065,6.364764213562012,0.016101650893688202,ok,4.640744008707403,train,0.6426882743835449
4710.732175065014,0.0,tece,434.76669788360596,434.7519502043724,TECE C48 (OpenEq),2048,65536,32.0,434.3467950820923,435.0523501634598,1435065,12.668488502502441,0.024592623114585876,ok,2.300162194855964,train,1.3164277523756027
