campaign,system,mode,seed,requested_epochs,completed_epochs,complete,done_marker,execution,parameters,selected_epoch,selected_loss,selected_force_rmse,selected_energy_rmse,selected_force_mae,selected_energy_mae,final_epoch,final_loss,final_force_mae,final_energy_mae,log_path
density_attention_final_cosine500_20260720,cheng_water,density_attention,20260616,500,500,True,True,makefx,155104,478,0.211981,0.046041,0.002327,0.026195,0.001355,499,0.212063,0.02619,0.001345,/Users/sara/Desktop/code/CHORUS-MLIP/benchmarks/paper/results/phase/four_system_audit_20260721/raw/density_attention_final_cosine500_20260720/cheng_water/logs/cheng_water_ictc_attention_makefx_seed20260616_epochs500.log
density_attention_final_cosine500_20260720,cheng_water,density_attention,20260617,500,500,True,True,makefx,155104,453,0.204581,0.04523,0.002162,0.025833,0.001467,499,0.204694,0.025821,0.001418,/Users/sara/Desktop/code/CHORUS-MLIP/benchmarks/paper/results/phase/four_system_audit_20260721/raw/density_attention_final_cosine500_20260720/cheng_water/logs/cheng_water_ictc_attention_makefx_seed20260617_epochs500.log
density_attention_final_cosine500_20260720,cheng_water,density_attention,20260618,500,500,True,True,makefx,155104,465,0.207377,0.045538,0.002264,0.025919,0.001431,499,0.207421,0.025911,0.001392,/Users/sara/Desktop/code/CHORUS-MLIP/benchmarks/paper/results/phase/four_system_audit_20260721/raw/density_attention_final_cosine500_20260720/cheng_water/logs/cheng_water_ictc_attention_makefx_seed20260618_epochs500.log
density_attention_final_cosine500_20260720,revised_aspirin,density_attention,20260616,500,500,True,True,makefx,164064,470,0.075318,0.027444,0.000559,0.016803,0.000434,499,0.075342,0.016805,0.000422,/Users/sara/Desktop/code/CHORUS-MLIP/benchmarks/paper/results/phase/four_system_audit_20260721/raw/density_attention_final_cosine500_20260720/revised_aspirin/logs/revised_aspirin_ictc_attention_makefx_seed20260616_epochs500.log
density_attention_final_cosine500_20260720,revised_aspirin,density_attention,20260617,500,500,True,True,makefx,164064,480,0.066021,0.025694,0.000476,0.017041,0.000361,499,0.066036,0.017039,0.000362,/Users/sara/Desktop/code/CHORUS-MLIP/benchmarks/paper/results/phase/four_system_audit_20260721/raw/density_attention_final_cosine500_20260720/revised_aspirin/logs/revised_aspirin_ictc_attention_makefx_seed20260617_epochs500.log
density_attention_final_cosine500_20260720,revised_aspirin,density_attention,20260618,500,500,True,True,makefx,164064,474,0.065588,0.02561,0.00056,0.017104,0.000451,499,0.065599,0.017102,0.000457,/Users/sara/Desktop/code/CHORUS-MLIP/benchmarks/paper/results/phase/four_system_audit_20260721/raw/density_attention_final_cosine500_20260720/revised_aspirin/logs/revised_aspirin_ictc_attention_makefx_seed20260618_epochs500.log
density_attention_final_cosine500_20260720,revised_benzene,density_attention,20260616,500,500,True,True,makefx,155104,472,0.00099,0.003147,7.4e-05,0.002112,5.9e-05,499,0.00099,0.002111,5.6e-05,/Users/sara/Desktop/code/CHORUS-MLIP/benchmarks/paper/results/phase/four_system_audit_20260721/raw/density_attention_final_cosine500_20260720/revised_benzene/logs/revised_benzene_ictc_attention_makefx_seed20260616_epochs500.log
density_attention_final_cosine500_20260720,revised_benzene,density_attention,20260617,500,500,True,True,makefx,155104,476,0.000858,0.00293,4.3e-05,0.00189,2.5e-05,499,0.000858,0.00189,2.4e-05,/Users/sara/Desktop/code/CHORUS-MLIP/benchmarks/paper/results/phase/four_system_audit_20260721/raw/density_attention_final_cosine500_20260720/revised_benzene/logs/revised_benzene_ictc_attention_makefx_seed20260617_epochs500.log
density_attention_final_cosine500_20260720,revised_benzene,density_attention,20260618,500,500,True,True,makefx,155104,487,0.001389,0.003727,5.3e-05,0.002003,3.6e-05,499,0.001389,0.002002,3.4e-05,/Users/sara/Desktop/code/CHORUS-MLIP/benchmarks/paper/results/phase/four_system_audit_20260721/raw/density_attention_final_cosine500_20260720/revised_benzene/logs/revised_benzene_ictc_attention_makefx_seed20260618_epochs500.log
density_attention_final_cosine500_20260720,revised_ethanol,density_attention,20260616,500,500,True,True,makefx,164064,483,0.017426,0.013201,0.000243,0.00872,0.000172,499,0.017435,0.00872,0.000174,/Users/sara/Desktop/code/CHORUS-MLIP/benchmarks/paper/results/phase/four_system_audit_20260721/raw/density_attention_final_cosine500_20260720/revised_ethanol/logs/revised_ethanol_ictc_attention_makefx_seed20260616_epochs500.log
density_attention_final_cosine500_20260720,revised_ethanol,density_attention,20260617,500,500,True,True,makefx,164064,483,0.019835,0.014084,0.00027,0.008866,0.000185,499,0.019845,0.008866,0.000182,/Users/sara/Desktop/code/CHORUS-MLIP/benchmarks/paper/results/phase/four_system_audit_20260721/raw/density_attention_final_cosine500_20260720/revised_ethanol/logs/revised_ethanol_ictc_attention_makefx_seed20260617_epochs500.log
density_attention_final_cosine500_20260720,revised_ethanol,density_attention,20260618,500,500,True,True,makefx,164064,473,0.020422,0.01429,0.000438,0.009312,0.000369,499,0.020433,0.009312,0.000349,/Users/sara/Desktop/code/CHORUS-MLIP/benchmarks/paper/results/phase/four_system_audit_20260721/raw/density_attention_final_cosine500_20260720/revised_ethanol/logs/revised_ethanol_ictc_attention_makefx_seed20260618_epochs500.log
mechanism_confirmatory_multisystem_3seed_20260719,revised_aspirin,legacy_attention,20260617,300,300,True,True,eager,172488,285,0.08523,0.029193,0.00268,0.02,0.002609,299,0.093732,0.021302,0.000724,/Users/sara/Desktop/code/CHORUS-MLIP/benchmarks/paper/results/phase/four_system_audit_20260721/raw/mechanism_confirmatory_multisystem_3seed_20260719/chunks/revised_aspirin_seed20260617/logs/revised_aspirin_ictc_attention_eager_seed20260617_epochs300.log
mechanism_confirmatory_multisystem_3seed_20260719,revised_aspirin,cartesian_two_real,20260617,300,300,True,True,eager,179716,293,0.065724,0.025636,0.00245,0.016571,0.002394,299,0.072757,0.01793,0.000428,/Users/sara/Desktop/code/CHORUS-MLIP/benchmarks/paper/results/phase/four_system_audit_20260721/raw/mechanism_confirmatory_multisystem_3seed_20260719/chunks/revised_aspirin_seed20260617/logs/revised_aspirin_ictc_phase_cartesian_full_l_eager_seed20260617_epochs300.log
mechanism_confirmatory_multisystem_3seed_20260719,revised_aspirin,diagonal_jk,20260617,300,300,True,True,eager,179716,293,0.061103,0.024719,0.001508,0.016857,0.001435,299,0.061738,0.017043,0.002292,/Users/sara/Desktop/code/CHORUS-MLIP/benchmarks/paper/results/phase/four_system_audit_20260721/raw/mechanism_confirmatory_multisystem_3seed_20260719/chunks/revised_aspirin_seed20260617/logs/revised_aspirin_ictc_phase_diagonal_full_l_eager_seed20260617_epochs300.log
mechanism_confirmatory_multisystem_3seed_20260719,revised_aspirin,full_u1,20260617,300,300,True,True,eager,179716,289,0.059102,0.02431,0.001668,0.01637,0.001598,299,0.078713,0.019884,0.002038,/Users/sara/Desktop/code/CHORUS-MLIP/benchmarks/paper/results/phase/four_system_audit_20260721/raw/mechanism_confirmatory_multisystem_3seed_20260719/chunks/revised_aspirin_seed20260617/logs/revised_aspirin_ictc_phase_full_l_softplus_eager_seed20260617_epochs300.log
mechanism_confirmatory_multisystem_3seed_20260719,revised_aspirin,positive_gate,20260617,300,300,True,True,eager,179716,293,0.063954,0.025288,0.002618,0.016821,0.002575,299,0.072013,0.018926,0.000802,/Users/sara/Desktop/code/CHORUS-MLIP/benchmarks/paper/results/phase/four_system_audit_20260721/raw/mechanism_confirmatory_multisystem_3seed_20260719/chunks/revised_aspirin_seed20260617/logs/revised_aspirin_ictc_phase_positive_full_l_eager_seed20260617_epochs300.log
mechanism_confirmatory_multisystem_3seed_20260719,revised_aspirin,radial_only_phase,20260617,300,300,True,True,eager,179716,284,0.060577,0.024612,0.001414,0.016812,0.001325,299,0.062761,0.016993,0.00135,/Users/sara/Desktop/code/CHORUS-MLIP/benchmarks/paper/results/phase/four_system_audit_20260721/raw/mechanism_confirmatory_multisystem_3seed_20260719/chunks/revised_aspirin_seed20260617/logs/revised_aspirin_ictc_phase_radial_full_l_eager_seed20260617_epochs300.log
mechanism_confirmatory_multisystem_3seed_20260719,revised_aspirin,signed_real,20260617,300,300,True,True,eager,179716,293,0.057401,0.023957,0.002558,0.01616,0.002511,299,0.06277,0.017225,0.003069,/Users/sara/Desktop/code/CHORUS-MLIP/benchmarks/paper/results/phase/four_system_audit_20260721/raw/mechanism_confirmatory_multisystem_3seed_20260719/chunks/revised_aspirin_seed20260617/logs/revised_aspirin_ictc_phase_signed_full_l_eager_seed20260617_epochs300.log
mechanism_confirmatory_multisystem_3seed_20260719,revised_aspirin,legacy_attention,20260618,300,300,True,True,eager,172488,299,0.084169,0.029012,0.001005,0.020126,0.000865,299,0.084169,0.020126,0.000865,/Users/sara/Desktop/code/CHORUS-MLIP/benchmarks/paper/results/phase/four_system_audit_20260721/raw/mechanism_confirmatory_multisystem_3seed_20260719/chunks/revised_aspirin_seed20260618/logs/revised_aspirin_ictc_attention_eager_seed20260618_epochs300.log
mechanism_confirmatory_multisystem_3seed_20260719,revised_aspirin,cartesian_two_real,20260618,300,300,True,True,eager,179716,292,0.057061,0.023887,0.001194,0.016071,0.00112,299,0.058945,0.016326,0.000677,/Users/sara/Desktop/code/CHORUS-MLIP/benchmarks/paper/results/phase/four_system_audit_20260721/raw/mechanism_confirmatory_multisystem_3seed_20260719/chunks/revised_aspirin_seed20260618/logs/revised_aspirin_ictc_phase_cartesian_full_l_eager_seed20260618_epochs300.log
mechanism_confirmatory_multisystem_3seed_20260719,revised_aspirin,diagonal_jk,20260618,300,300,True,True,eager,179716,299,0.062226,0.024945,0.001209,0.016894,0.001125,299,0.062226,0.016894,0.001125,/Users/sara/Desktop/code/CHORUS-MLIP/benchmarks/paper/results/phase/four_system_audit_20260721/raw/mechanism_confirmatory_multisystem_3seed_20260719/chunks/revised_aspirin_seed20260618/logs/revised_aspirin_ictc_phase_diagonal_full_l_eager_seed20260618_epochs300.log
mechanism_confirmatory_multisystem_3seed_20260719,revised_aspirin,full_u1,20260618,300,300,True,True,eager,179716,295,0.056705,0.023813,0.000537,0.015999,0.000434,299,0.061845,0.016811,0.001896,/Users/sara/Desktop/code/CHORUS-MLIP/benchmarks/paper/results/phase/four_system_audit_20260721/raw/mechanism_confirmatory_multisystem_3seed_20260719/chunks/revised_aspirin_seed20260618/logs/revised_aspirin_ictc_phase_full_l_softplus_eager_seed20260618_epochs300.log
mechanism_confirmatory_multisystem_3seed_20260719,revised_aspirin,positive_gate,20260618,300,300,True,True,eager,179716,289,0.059879,0.02447,0.000906,0.016698,0.000815,299,0.061317,0.016909,0.00095,/Users/sara/Desktop/code/CHORUS-MLIP/benchmarks/paper/results/phase/four_system_audit_20260721/raw/mechanism_confirmatory_multisystem_3seed_20260719/chunks/revised_aspirin_seed20260618/logs/revised_aspirin_ictc_phase_positive_full_l_eager_seed20260618_epochs300.log
mechanism_confirmatory_multisystem_3seed_20260719,revised_aspirin,radial_only_phase,20260618,300,300,True,True,eager,179716,287,0.061709,0.024841,0.000546,0.016406,0.000428,299,0.074065,0.018206,0.001776,/Users/sara/Desktop/code/CHORUS-MLIP/benchmarks/paper/results/phase/four_system_audit_20260721/raw/mechanism_confirmatory_multisystem_3seed_20260719/chunks/revised_aspirin_seed20260618/logs/revised_aspirin_ictc_phase_radial_full_l_eager_seed20260618_epochs300.log
mechanism_confirmatory_multisystem_3seed_20260719,revised_aspirin,signed_real,20260618,300,300,True,True,eager,179716,297,0.056223,0.023711,0.001669,0.016115,0.001627,299,0.071795,0.018378,0.001901,/Users/sara/Desktop/code/CHORUS-MLIP/benchmarks/paper/results/phase/four_system_audit_20260721/raw/mechanism_confirmatory_multisystem_3seed_20260719/chunks/revised_aspirin_seed20260618/logs/revised_aspirin_ictc_phase_signed_full_l_eager_seed20260618_epochs300.log
mechanism_confirmatory_multisystem_3seed_20260719,revised_benzene,legacy_attention,20260616,300,300,True,True,eager,163528,297,0.001367,0.003697,0.000897,0.002465,0.000896,299,0.001717,0.002849,3.6e-05,/Users/sara/Desktop/code/CHORUS-MLIP/benchmarks/paper/results/phase/four_system_audit_20260721/raw/mechanism_confirmatory_multisystem_3seed_20260719/chunks/revised_benzene_seed20260616/logs/revised_benzene_ictc_attention_eager_seed20260616_epochs300.log
mechanism_confirmatory_multisystem_3seed_20260719,revised_benzene,cartesian_two_real,20260616,300,300,True,True,eager,165124,298,0.000969,0.003113,0.000234,0.002153,0.00023,299,0.001425,0.002605,0.000213,/Users/sara/Desktop/code/CHORUS-MLIP/benchmarks/paper/results/phase/four_system_audit_20260721/raw/mechanism_confirmatory_multisystem_3seed_20260719/chunks/revised_benzene_seed20260616/logs/revised_benzene_ictc_phase_cartesian_full_l_eager_seed20260616_epochs300.log
mechanism_confirmatory_multisystem_3seed_20260719,revised_benzene,diagonal_jk,20260616,300,300,True,True,eager,165124,294,0.001142,0.00338,6.8e-05,0.002308,5.2e-05,299,0.001295,0.002552,0.000321,/Users/sara/Desktop/code/CHORUS-MLIP/benchmarks/paper/results/phase/four_system_audit_20260721/raw/mechanism_confirmatory_multisystem_3seed_20260719/chunks/revised_benzene_seed20260616/logs/revised_benzene_ictc_phase_diagonal_full_l_eager_seed20260616_epochs300.log
mechanism_confirmatory_multisystem_3seed_20260719,revised_benzene,full_u1,20260616,300,300,True,True,eager,165124,282,0.001128,0.003358,8e-05,0.001947,6.6e-05,299,0.001775,0.002716,0.000325,/Users/sara/Desktop/code/CHORUS-MLIP/benchmarks/paper/results/phase/four_system_audit_20260721/raw/mechanism_confirmatory_multisystem_3seed_20260719/chunks/revised_benzene_seed20260616/logs/revised_benzene_ictc_phase_full_l_softplus_eager_seed20260616_epochs300.log
mechanism_confirmatory_multisystem_3seed_20260719,revised_benzene,positive_gate,20260616,300,300,True,True,eager,165124,293,0.000763,0.002763,0.000174,0.00189,0.000169,299,0.00109,0.002298,0.000105,/Users/sara/Desktop/code/CHORUS-MLIP/benchmarks/paper/results/phase/four_system_audit_20260721/raw/mechanism_confirmatory_multisystem_3seed_20260719/chunks/revised_benzene_seed20260616/logs/revised_benzene_ictc_phase_positive_full_l_eager_seed20260616_epochs300.log
mechanism_confirmatory_multisystem_3seed_20260719,revised_benzene,radial_only_phase,20260616,300,300,True,True,eager,165124,274,0.00107,0.003271,0.0005,0.002293,0.000498,299,0.001385,0.002618,9.6e-05,/Users/sara/Desktop/code/CHORUS-MLIP/benchmarks/paper/results/phase/four_system_audit_20260721/raw/mechanism_confirmatory_multisystem_3seed_20260719/chunks/revised_benzene_seed20260616/logs/revised_benzene_ictc_phase_radial_full_l_eager_seed20260616_epochs300.log
mechanism_confirmatory_multisystem_3seed_20260719,revised_benzene,signed_real,20260616,300,300,True,True,eager,165124,291,0.00076,0.002757,7.1e-05,0.001925,5.6e-05,299,0.000992,0.002176,0.000134,/Users/sara/Desktop/code/CHORUS-MLIP/benchmarks/paper/results/phase/four_system_audit_20260721/raw/mechanism_confirmatory_multisystem_3seed_20260719/chunks/revised_benzene_seed20260616/logs/revised_benzene_ictc_phase_signed_full_l_eager_seed20260616_epochs300.log
mechanism_confirmatory_multisystem_3seed_20260719,revised_benzene,legacy_attention,20260617,300,300,True,True,eager,163528,282,0.001115,0.003339,0.000412,0.002185,0.000409,299,0.001971,0.00326,0.000129,/Users/sara/Desktop/code/CHORUS-MLIP/benchmarks/paper/results/phase/four_system_audit_20260721/raw/mechanism_confirmatory_multisystem_3seed_20260719/chunks/revised_benzene_seed20260617/logs/revised_benzene_ictc_attention_eager_seed20260617_epochs300.log
mechanism_confirmatory_multisystem_3seed_20260719,revised_benzene,cartesian_two_real,20260617,300,300,True,True,eager,165124,284,0.000961,0.003101,0.000164,0.001858,0.000158,299,0.00128,0.002308,0.000272,/Users/sara/Desktop/code/CHORUS-MLIP/benchmarks/paper/results/phase/four_system_audit_20260721/raw/mechanism_confirmatory_multisystem_3seed_20260719/chunks/revised_benzene_seed20260617/logs/revised_benzene_ictc_phase_cartesian_full_l_eager_seed20260617_epochs300.log
mechanism_confirmatory_multisystem_3seed_20260719,revised_benzene,diagonal_jk,20260617,300,300,True,True,eager,165124,288,0.001958,0.004425,0.000159,0.002084,0.000151,299,0.002525,0.002717,0.00036,/Users/sara/Desktop/code/CHORUS-MLIP/benchmarks/paper/results/phase/four_system_audit_20260721/raw/mechanism_confirmatory_multisystem_3seed_20260719/chunks/revised_benzene_seed20260617/logs/revised_benzene_ictc_phase_diagonal_full_l_eager_seed20260617_epochs300.log
mechanism_confirmatory_multisystem_3seed_20260719,revised_benzene,full_u1,20260617,300,300,True,True,eager,165124,281,0.000795,0.002819,0.000175,0.001847,0.00017,299,0.00121,0.002388,0.000658,/Users/sara/Desktop/code/CHORUS-MLIP/benchmarks/paper/results/phase/four_system_audit_20260721/raw/mechanism_confirmatory_multisystem_3seed_20260719/chunks/revised_benzene_seed20260617/logs/revised_benzene_ictc_phase_full_l_softplus_eager_seed20260617_epochs300.log
mechanism_confirmatory_multisystem_3seed_20260719,revised_benzene,positive_gate,20260617,300,300,True,True,eager,165124,294,0.000767,0.002769,0.00035,0.001847,0.000348,299,0.001297,0.002604,0.000567,/Users/sara/Desktop/code/CHORUS-MLIP/benchmarks/paper/results/phase/four_system_audit_20260721/raw/mechanism_confirmatory_multisystem_3seed_20260719/chunks/revised_benzene_seed20260617/logs/revised_benzene_ictc_phase_positive_full_l_eager_seed20260617_epochs300.log
mechanism_confirmatory_multisystem_3seed_20260719,revised_benzene,radial_only_phase,20260617,300,300,True,True,eager,165124,296,0.000905,0.003009,0.00012,0.001693,0.000113,299,0.000956,0.001821,0.000217,/Users/sara/Desktop/code/CHORUS-MLIP/benchmarks/paper/results/phase/four_system_audit_20260721/raw/mechanism_confirmatory_multisystem_3seed_20260719/chunks/revised_benzene_seed20260617/logs/revised_benzene_ictc_phase_radial_full_l_eager_seed20260617_epochs300.log
mechanism_confirmatory_multisystem_3seed_20260719,revised_benzene,signed_real,20260617,300,300,True,True,eager,165124,289,0.000839,0.002897,0.000626,0.001841,0.000625,299,0.001146,0.002239,0.000202,/Users/sara/Desktop/code/CHORUS-MLIP/benchmarks/paper/results/phase/four_system_audit_20260721/raw/mechanism_confirmatory_multisystem_3seed_20260719/chunks/revised_benzene_seed20260617/logs/revised_benzene_ictc_phase_signed_full_l_eager_seed20260617_epochs300.log
mechanism_confirmatory_multisystem_3seed_20260719,revised_benzene,legacy_attention,20260618,300,300,True,True,eager,163528,275,0.001609,0.004012,0.000176,0.002438,0.000168,299,0.001989,0.002997,0.00014,/Users/sara/Desktop/code/CHORUS-MLIP/benchmarks/paper/results/phase/four_system_audit_20260721/raw/mechanism_confirmatory_multisystem_3seed_20260719/chunks/revised_benzene_seed20260618/logs/revised_benzene_ictc_attention_eager_seed20260618_epochs300.log
mechanism_confirmatory_multisystem_3seed_20260719,revised_benzene,cartesian_two_real,20260618,300,300,True,True,eager,165124,284,0.000941,0.003067,0.000381,0.001922,0.000378,299,0.000962,0.001923,0.000127,/Users/sara/Desktop/code/CHORUS-MLIP/benchmarks/paper/results/phase/four_system_audit_20260721/raw/mechanism_confirmatory_multisystem_3seed_20260719/chunks/revised_benzene_seed20260618/logs/revised_benzene_ictc_phase_cartesian_full_l_eager_seed20260618_epochs300.log
mechanism_confirmatory_multisystem_3seed_20260719,revised_benzene,diagonal_jk,20260618,300,300,True,True,eager,165124,299,0.001588,0.003985,0.000433,0.002183,0.000431,299,0.001588,0.002183,0.000431,/Users/sara/Desktop/code/CHORUS-MLIP/benchmarks/paper/results/phase/four_system_audit_20260721/raw/mechanism_confirmatory_multisystem_3seed_20260719/chunks/revised_benzene_seed20260618/logs/revised_benzene_ictc_phase_diagonal_full_l_eager_seed20260618_epochs300.log
mechanism_confirmatory_multisystem_3seed_20260719,revised_benzene,full_u1,20260618,300,300,True,True,eager,165124,285,0.000851,0.002916,0.000378,0.001827,0.000376,299,0.001063,0.002174,0.000293,/Users/sara/Desktop/code/CHORUS-MLIP/benchmarks/paper/results/phase/four_system_audit_20260721/raw/mechanism_confirmatory_multisystem_3seed_20260719/chunks/revised_benzene_seed20260618/logs/revised_benzene_ictc_phase_full_l_softplus_eager_seed20260618_epochs300.log
mechanism_confirmatory_multisystem_3seed_20260719,revised_benzene,positive_gate,20260618,300,300,True,True,eager,165124,296,0.000862,0.002936,0.00036,0.001901,0.000358,299,0.001453,0.002638,0.000319,/Users/sara/Desktop/code/CHORUS-MLIP/benchmarks/paper/results/phase/four_system_audit_20260721/raw/mechanism_confirmatory_multisystem_3seed_20260719/chunks/revised_benzene_seed20260618/logs/revised_benzene_ictc_phase_positive_full_l_eager_seed20260618_epochs300.log
mechanism_confirmatory_multisystem_3seed_20260719,revised_benzene,radial_only_phase,20260618,300,300,True,True,eager,165124,274,0.000895,0.002992,4.9e-05,0.001917,3.2e-05,299,0.001061,0.002265,0.000345,/Users/sara/Desktop/code/CHORUS-MLIP/benchmarks/paper/results/phase/four_system_audit_20260721/raw/mechanism_confirmatory_multisystem_3seed_20260719/chunks/revised_benzene_seed20260618/logs/revised_benzene_ictc_phase_radial_full_l_eager_seed20260618_epochs300.log
mechanism_confirmatory_multisystem_3seed_20260719,revised_benzene,signed_real,20260618,300,300,True,True,eager,165124,278,0.000906,0.00301,0.000224,0.001806,0.00022,299,0.001428,0.002481,0.000403,/Users/sara/Desktop/code/CHORUS-MLIP/benchmarks/paper/results/phase/four_system_audit_20260721/raw/mechanism_confirmatory_multisystem_3seed_20260719/chunks/revised_benzene_seed20260618/logs/revised_benzene_ictc_phase_signed_full_l_eager_seed20260618_epochs300.log
mechanism_confirmatory_multisystem_3seed_20260719,revised_ethanol,legacy_attention,20260616,300,300,True,True,eager,172488,282,0.022731,0.015076,0.000957,0.00999,0.000915,299,0.028586,0.011817,0.000898,/Users/sara/Desktop/code/CHORUS-MLIP/benchmarks/paper/results/phase/four_system_audit_20260721/raw/mechanism_confirmatory_multisystem_3seed_20260719/chunks/revised_ethanol_seed20260616/logs/revised_ethanol_ictc_attention_eager_seed20260616_epochs300.log
mechanism_confirmatory_multisystem_3seed_20260719,revised_ethanol,cartesian_two_real,20260616,300,300,True,True,eager,179716,299,0.015763,0.012555,0.000256,0.008144,0.000187,299,0.015763,0.008144,0.000187,/Users/sara/Desktop/code/CHORUS-MLIP/benchmarks/paper/results/phase/four_system_audit_20260721/raw/mechanism_confirmatory_multisystem_3seed_20260719/chunks/revised_ethanol_seed20260616/logs/revised_ethanol_ictc_phase_cartesian_full_l_eager_seed20260616_epochs300.log
mechanism_confirmatory_multisystem_3seed_20260719,revised_ethanol,diagonal_jk,20260616,300,300,True,True,eager,179716,283,0.019645,0.014016,0.000631,0.0088,0.000584,299,0.020876,0.009305,0.000389,/Users/sara/Desktop/code/CHORUS-MLIP/benchmarks/paper/results/phase/four_system_audit_20260721/raw/mechanism_confirmatory_multisystem_3seed_20260719/chunks/revised_ethanol_seed20260616/logs/revised_ethanol_ictc_phase_diagonal_full_l_eager_seed20260616_epochs300.log
mechanism_confirmatory_multisystem_3seed_20260719,revised_ethanol,full_u1,20260616,300,300,True,True,eager,179716,294,0.017695,0.013302,0.000297,0.008629,0.000222,299,0.022197,0.009888,0.001207,/Users/sara/Desktop/code/CHORUS-MLIP/benchmarks/paper/results/phase/four_system_audit_20260721/raw/mechanism_confirmatory_multisystem_3seed_20260719/chunks/revised_ethanol_seed20260616/logs/revised_ethanol_ictc_phase_full_l_softplus_eager_seed20260616_epochs300.log
mechanism_confirmatory_multisystem_3seed_20260719,revised_ethanol,positive_gate,20260616,300,300,True,True,eager,179716,289,0.016707,0.012926,0.000356,0.008528,0.000288,299,0.017548,0.008602,0.000281,/Users/sara/Desktop/code/CHORUS-MLIP/benchmarks/paper/results/phase/four_system_audit_20260721/raw/mechanism_confirmatory_multisystem_3seed_20260719/chunks/revised_ethanol_seed20260616/logs/revised_ethanol_ictc_phase_positive_full_l_eager_seed20260616_epochs300.log
mechanism_confirmatory_multisystem_3seed_20260719,revised_ethanol,radial_only_phase,20260616,300,300,True,True,eager,179716,294,0.01752,0.013236,0.00031,0.008827,0.000234,299,0.0193,0.009199,0.000872,/Users/sara/Desktop/code/CHORUS-MLIP/benchmarks/paper/results/phase/four_system_audit_20260721/raw/mechanism_confirmatory_multisystem_3seed_20260719/chunks/revised_ethanol_seed20260616/logs/revised_ethanol_ictc_phase_radial_full_l_eager_seed20260616_epochs300.log
mechanism_confirmatory_multisystem_3seed_20260719,revised_ethanol,signed_real,20260616,300,300,True,True,eager,179716,290,0.016885,0.012994,0.00095,0.008549,0.000916,299,0.016924,0.00848,0.000579,/Users/sara/Desktop/code/CHORUS-MLIP/benchmarks/paper/results/phase/four_system_audit_20260721/raw/mechanism_confirmatory_multisystem_3seed_20260719/chunks/revised_ethanol_seed20260616/logs/revised_ethanol_ictc_phase_signed_full_l_eager_seed20260616_epochs300.log
mechanism_confirmatory_multisystem_3seed_20260719,revised_ethanol,legacy_attention,20260617,300,300,True,True,eager,172488,284,0.023444,0.015311,0.001113,0.00983,0.001073,299,0.028028,0.010879,0.000271,/Users/sara/Desktop/code/CHORUS-MLIP/benchmarks/paper/results/phase/four_system_audit_20260721/raw/mechanism_confirmatory_multisystem_3seed_20260719/chunks/revised_ethanol_seed20260617/logs/revised_ethanol_ictc_attention_eager_seed20260617_epochs300.log
mechanism_confirmatory_multisystem_3seed_20260719,revised_ethanol,cartesian_two_real,20260617,300,300,True,True,eager,179716,294,0.017083,0.01307,0.000377,0.008323,0.000317,299,0.019333,0.008737,0.000811,/Users/sara/Desktop/code/CHORUS-MLIP/benchmarks/paper/results/phase/four_system_audit_20260721/raw/mechanism_confirmatory_multisystem_3seed_20260719/chunks/revised_ethanol_seed20260617/logs/revised_ethanol_ictc_phase_cartesian_full_l_eager_seed20260617_epochs300.log
mechanism_confirmatory_multisystem_3seed_20260719,revised_ethanol,diagonal_jk,20260617,300,300,True,True,eager,179716,287,0.018549,0.013619,0.00095,0.008598,0.000913,299,0.020051,0.009029,0.001119,/Users/sara/Desktop/code/CHORUS-MLIP/benchmarks/paper/results/phase/four_system_audit_20260721/raw/mechanism_confirmatory_multisystem_3seed_20260719/chunks/revised_ethanol_seed20260617/logs/revised_ethanol_ictc_phase_diagonal_full_l_eager_seed20260617_epochs300.log
mechanism_confirmatory_multisystem_3seed_20260719,revised_ethanol,full_u1,20260617,300,300,True,True,eager,179716,299,0.017042,0.013055,0.00034,0.00829,0.000276,299,0.017042,0.00829,0.000276,/Users/sara/Desktop/code/CHORUS-MLIP/benchmarks/paper/results/phase/four_system_audit_20260721/raw/mechanism_confirmatory_multisystem_3seed_20260719/chunks/revised_ethanol_seed20260617/logs/revised_ethanol_ictc_phase_full_l_softplus_eager_seed20260617_epochs300.log
mechanism_confirmatory_multisystem_3seed_20260719,revised_ethanol,positive_gate,20260617,300,300,True,True,eager,179716,294,0.017585,0.013261,0.000264,0.008551,0.000195,299,0.019381,0.008981,0.00036,/Users/sara/Desktop/code/CHORUS-MLIP/benchmarks/paper/results/phase/four_system_audit_20260721/raw/mechanism_confirmatory_multisystem_3seed_20260719/chunks/revised_ethanol_seed20260617/logs/revised_ethanol_ictc_phase_positive_full_l_eager_seed20260617_epochs300.log
mechanism_confirmatory_multisystem_3seed_20260719,revised_ethanol,radial_only_phase,20260617,300,300,True,True,eager,179716,296,0.017967,0.013404,0.000537,0.008534,0.000488,299,0.018512,0.008783,0.000183,/Users/sara/Desktop/code/CHORUS-MLIP/benchmarks/paper/results/phase/four_system_audit_20260721/raw/mechanism_confirmatory_multisystem_3seed_20260719/chunks/revised_ethanol_seed20260617/logs/revised_ethanol_ictc_phase_radial_full_l_eager_seed20260617_epochs300.log
mechanism_confirmatory_multisystem_3seed_20260719,revised_ethanol,signed_real,20260617,300,300,True,True,eager,179716,287,0.017893,0.013376,0.00036,0.008412,0.000288,299,0.021838,0.009379,0.000691,/Users/sara/Desktop/code/CHORUS-MLIP/benchmarks/paper/results/phase/four_system_audit_20260721/raw/mechanism_confirmatory_multisystem_3seed_20260719/chunks/revised_ethanol_seed20260617/logs/revised_ethanol_ictc_phase_signed_full_l_eager_seed20260617_epochs300.log
mechanism_confirmatory_multisystem_3seed_20260719,revised_ethanol,positive_gate,20260618,300,85,False,False,eager,179716,83,0.044941,0.021199,0.001451,0.014444,0.001325,84,0.060116,0.016614,0.001035,/Users/sara/Desktop/code/CHORUS-MLIP/benchmarks/paper/results/phase/four_system_audit_20260721/raw/mechanism_confirmatory_multisystem_3seed_20260719/chunks/revised_ethanol_seed20260618/logs/revised_ethanol_ictc_phase_positive_full_l_eager_seed20260618_epochs300.log
mechanism_confirmatory_water_3seed_20260719,cheng_water,legacy_attention,20260616,300,300,True,True,eager,163528,288,0.319684,0.056534,0.008711,0.034374,0.008514,299,0.381372,0.040444,0.012839,/Users/sara/Desktop/code/CHORUS-MLIP/benchmarks/paper/results/phase/four_system_audit_20260721/raw/mechanism_confirmatory_water_3seed_20260719/chunks/cheng_water_seed20260616/logs/cheng_water_ictc_attention_eager_seed20260616_epochs300.log
mechanism_confirmatory_water_3seed_20260719,cheng_water,cartesian_two_real,20260616,300,300,True,True,eager,165124,281,0.220139,0.046918,0.003205,0.027142,0.002631,299,0.311367,0.035888,0.002169,/Users/sara/Desktop/code/CHORUS-MLIP/benchmarks/paper/results/phase/four_system_audit_20260721/raw/mechanism_confirmatory_water_3seed_20260719/chunks/cheng_water_seed20260616/logs/cheng_water_ictc_phase_cartesian_full_l_eager_seed20260616_epochs300.log
mechanism_confirmatory_water_3seed_20260719,cheng_water,diagonal_jk,20260616,300,300,True,True,eager,165124,276,0.220694,0.046977,0.002319,0.027816,0.001359,299,0.223381,0.028226,0.015093,/Users/sara/Desktop/code/CHORUS-MLIP/benchmarks/paper/results/phase/four_system_audit_20260721/raw/mechanism_confirmatory_water_3seed_20260719/chunks/cheng_water_seed20260616/logs/cheng_water_ictc_phase_diagonal_full_l_eager_seed20260616_epochs300.log
mechanism_confirmatory_water_3seed_20260719,cheng_water,full_u1,20260616,300,300,True,True,eager,165124,299,0.250793,0.050076,0.005966,0.028992,0.005475,299,0.250793,0.028992,0.005475,/Users/sara/Desktop/code/CHORUS-MLIP/benchmarks/paper/results/phase/four_system_audit_20260721/raw/mechanism_confirmatory_water_3seed_20260719/chunks/cheng_water_seed20260616/logs/cheng_water_ictc_phase_full_l_softplus_eager_seed20260616_epochs300.log
mechanism_confirmatory_water_3seed_20260719,cheng_water,positive_gate,20260616,300,300,True,True,eager,165124,299,0.219164,0.046813,0.004611,0.027927,0.004195,299,0.219164,0.027927,0.004195,/Users/sara/Desktop/code/CHORUS-MLIP/benchmarks/paper/results/phase/four_system_audit_20260721/raw/mechanism_confirmatory_water_3seed_20260719/chunks/cheng_water_seed20260616/logs/cheng_water_ictc_phase_positive_full_l_eager_seed20260616_epochs300.log
mechanism_confirmatory_water_3seed_20260719,cheng_water,radial_only_phase,20260616,300,300,True,True,eager,165124,285,0.230195,0.047962,0.012651,0.027442,0.012515,299,0.286447,0.032546,0.001992,/Users/sara/Desktop/code/CHORUS-MLIP/benchmarks/paper/results/phase/four_system_audit_20260721/raw/mechanism_confirmatory_water_3seed_20260719/chunks/cheng_water_seed20260616/logs/cheng_water_ictc_phase_radial_full_l_eager_seed20260616_epochs300.log
mechanism_confirmatory_water_3seed_20260719,cheng_water,signed_real,20260616,300,300,True,True,eager,165124,290,0.229457,0.047901,0.00232,0.028166,0.001544,299,0.240186,0.028815,0.007763,/Users/sara/Desktop/code/CHORUS-MLIP/benchmarks/paper/results/phase/four_system_audit_20260721/raw/mechanism_confirmatory_water_3seed_20260719/chunks/cheng_water_seed20260616/logs/cheng_water_ictc_phase_signed_full_l_eager_seed20260616_epochs300.log
mechanism_confirmatory_water_3seed_20260719,cheng_water,cartesian_two_real,20260617,300,300,True,True,eager,165124,296,0.225337,0.047467,0.004642,0.027365,0.004135,299,0.27735,0.032498,0.001527,/Users/sara/Desktop/code/CHORUS-MLIP/benchmarks/paper/results/phase/four_system_audit_20260721/raw/mechanism_confirmatory_water_3seed_20260719/chunks/cheng_water_seed20260617/logs/cheng_water_ictc_phase_cartesian_full_l_eager_seed20260617_epochs300.log
mechanism_confirmatory_water_3seed_20260719,cheng_water,diagonal_jk,20260617,300,76,False,False,eager,165124,74,0.387476,0.062246,0.005026,0.039294,0.004557,75,0.467702,0.044317,0.002266,/Users/sara/Desktop/code/CHORUS-MLIP/benchmarks/paper/results/phase/four_system_audit_20260721/raw/mechanism_confirmatory_water_3seed_20260719/chunks/cheng_water_seed20260617/logs/cheng_water_ictc_phase_diagonal_full_l_eager_seed20260617_epochs300.log
mechanism_confirmatory_water_3seed_20260719,cheng_water,full_u1,20260617,300,300,True,True,eager,165124,284,0.231012,0.048062,0.00406,0.026999,0.003117,299,0.249801,0.028852,0.001624,/Users/sara/Desktop/code/CHORUS-MLIP/benchmarks/paper/results/phase/four_system_audit_20260721/raw/mechanism_confirmatory_water_3seed_20260719/chunks/cheng_water_seed20260617/logs/cheng_water_ictc_phase_full_l_softplus_eager_seed20260617_epochs300.log
mechanism_confirmatory_water_3seed_20260719,cheng_water,positive_gate,20260617,300,300,True,True,eager,165124,268,0.230309,0.04799,0.002656,0.027177,0.001373,299,0.321555,0.034489,0.01014,/Users/sara/Desktop/code/CHORUS-MLIP/benchmarks/paper/results/phase/four_system_audit_20260721/raw/mechanism_confirmatory_water_3seed_20260719/chunks/cheng_water_seed20260617/logs/cheng_water_ictc_phase_positive_full_l_eager_seed20260617_epochs300.log
mechanism_confirmatory_water_3seed_20260719,cheng_water,radial_only_phase,20260617,300,300,True,True,eager,165124,287,0.233366,0.048307,0.00321,0.027603,0.002274,299,0.29958,0.033331,0.00173,/Users/sara/Desktop/code/CHORUS-MLIP/benchmarks/paper/results/phase/four_system_audit_20260721/raw/mechanism_confirmatory_water_3seed_20260719/chunks/cheng_water_seed20260617/logs/cheng_water_ictc_phase_radial_full_l_eager_seed20260617_epochs300.log
mechanism_confirmatory_water_3seed_20260719,cheng_water,signed_real,20260617,300,300,True,True,eager,165124,290,0.22473,0.047404,0.004029,0.02712,0.003234,299,0.274028,0.033148,0.009519,/Users/sara/Desktop/code/CHORUS-MLIP/benchmarks/paper/results/phase/four_system_audit_20260721/raw/mechanism_confirmatory_water_3seed_20260719/chunks/cheng_water_seed20260617/logs/cheng_water_ictc_phase_signed_full_l_eager_seed20260617_epochs300.log
mechanism_controls_aspirin_seed16_formal_20260719,revised_aspirin,legacy_attention,20260616,300,300,True,True,eager,172488,288,0.082507,0.028724,0.000758,0.019406,0.000595,299,0.094471,0.021011,0.001018,/Users/sara/Desktop/code/CHORUS-MLIP/benchmarks/paper/results/phase/four_system_audit_20260721/raw/mechanism_controls_aspirin_seed16_formal_20260719/logs/revised_aspirin_ictc_attention_eager_seed20260616_epochs300.log
mechanism_controls_aspirin_seed16_formal_20260719,revised_aspirin,cartesian_two_real,20260616,300,300,True,True,eager,179716,292,0.060458,0.024588,0.000538,0.016576,0.000438,299,0.073272,0.018251,0.000693,/Users/sara/Desktop/code/CHORUS-MLIP/benchmarks/paper/results/phase/four_system_audit_20260721/raw/mechanism_controls_aspirin_seed16_formal_20260719/logs/revised_aspirin_ictc_phase_cartesian_full_l_eager_seed20260616_epochs300.log
mechanism_controls_aspirin_seed16_formal_20260719,revised_aspirin,diagonal_jk,20260616,300,300,True,True,eager,179716,279,0.063051,0.02511,0.001421,0.016673,0.00134,299,0.063885,0.016793,0.00155,/Users/sara/Desktop/code/CHORUS-MLIP/benchmarks/paper/results/phase/four_system_audit_20260721/raw/mechanism_controls_aspirin_seed16_formal_20260719/logs/revised_aspirin_ictc_phase_diagonal_full_l_eager_seed20260616_epochs300.log
mechanism_controls_aspirin_seed16_formal_20260719,revised_aspirin,full_u1,20260616,300,300,True,True,eager,179716,293,0.059814,0.024457,0.000652,0.016519,0.000545,299,0.06757,0.017632,0.001583,/Users/sara/Desktop/code/CHORUS-MLIP/benchmarks/paper/results/phase/four_system_audit_20260721/raw/mechanism_controls_aspirin_seed16_formal_20260719/logs/revised_aspirin_ictc_phase_full_l_softplus_eager_seed20260616_epochs300.log
mechanism_controls_aspirin_seed16_formal_20260719,revised_aspirin,positive_gate,20260616,300,300,True,True,eager,179716,292,0.060528,0.024601,0.00266,0.016694,0.002615,299,0.070095,0.018057,0.001395,/Users/sara/Desktop/code/CHORUS-MLIP/benchmarks/paper/results/phase/four_system_audit_20260721/raw/mechanism_controls_aspirin_seed16_formal_20260719/logs/revised_aspirin_ictc_phase_positive_full_l_eager_seed20260616_epochs300.log
mechanism_controls_aspirin_seed16_formal_20260719,revised_aspirin,radial_only_phase,20260616,300,300,True,True,eager,179716,284,0.06438,0.025373,0.00177,0.017025,0.001709,299,0.077669,0.018923,0.001397,/Users/sara/Desktop/code/CHORUS-MLIP/benchmarks/paper/results/phase/four_system_audit_20260721/raw/mechanism_controls_aspirin_seed16_formal_20260719/logs/revised_aspirin_ictc_phase_radial_full_l_eager_seed20260616_epochs300.log
mechanism_controls_aspirin_seed16_formal_20260719,revised_aspirin,signed_real,20260616,300,300,True,True,eager,179716,292,0.062971,0.025094,0.000765,0.016967,0.000659,299,0.082888,0.019523,0.000438,/Users/sara/Desktop/code/CHORUS-MLIP/benchmarks/paper/results/phase/four_system_audit_20260721/raw/mechanism_controls_aspirin_seed16_formal_20260719/logs/revised_aspirin_ictc_phase_signed_full_l_eager_seed20260616_epochs300.log
mechanism_main4_makefx_cosine500_20260720,revised_aspirin,legacy_attention,20260616,500,500,True,True,makefx,172488,474,0.074246,0.027248,0.000697,0.018295,0.000543,499,0.07426,0.018292,0.000545,/Users/sara/Desktop/code/CHORUS-MLIP/benchmarks/paper/results/phase/four_system_audit_20260721/raw/mechanism_main4_makefx_cosine500_20260720/molecules/logs/revised_aspirin_ictc_attention_makefx_seed20260616_epochs500.log
mechanism_main4_makefx_cosine500_20260720,revised_aspirin,baseline,20260616,500,500,True,True,makefx,155648,473,0.071393,0.026719,0.00059,0.017136,0.000474,499,0.071432,0.017136,0.000441,/Users/sara/Desktop/code/CHORUS-MLIP/benchmarks/paper/results/phase/four_system_audit_20260721/raw/mechanism_main4_makefx_cosine500_20260720/molecules/logs/revised_aspirin_ictc_bridge_u_makefx_seed20260616_epochs500.log
mechanism_main4_makefx_cosine500_20260720,revised_aspirin,baseline,20260617,500,500,True,True,makefx,155648,485,0.063684,0.025236,0.000452,0.017115,0.000341,499,0.063692,0.017117,0.000344,/Users/sara/Desktop/code/CHORUS-MLIP/benchmarks/paper/results/phase/four_system_audit_20260721/raw/mechanism_main4_makefx_cosine500_20260720/molecules/logs/revised_aspirin_ictc_bridge_u_makefx_seed20260617_epochs500.log
mechanism_main4_makefx_cosine500_20260720,revised_aspirin,diagonal_jk,20260616,500,500,True,True,makefx,179716,473,0.056413,0.023751,0.000507,0.015656,0.000404,499,0.056447,0.015655,0.000386,/Users/sara/Desktop/code/CHORUS-MLIP/benchmarks/paper/results/phase/four_system_audit_20260721/raw/mechanism_main4_makefx_cosine500_20260720/molecules/logs/revised_aspirin_ictc_phase_diagonal_full_l_makefx_seed20260616_epochs500.log
mechanism_main4_makefx_cosine500_20260720,revised_aspirin,full_u1,20260616,500,500,True,True,makefx,179716,471,0.057152,0.023906,0.000544,0.015572,0.000435,499,0.057166,0.015567,0.000424,/Users/sara/Desktop/code/CHORUS-MLIP/benchmarks/paper/results/phase/four_system_audit_20260721/raw/mechanism_main4_makefx_cosine500_20260720/molecules/logs/revised_aspirin_ictc_phase_full_l_softplus_makefx_seed20260616_epochs500.log
mechanism_main4_makefx_cosine500_20260720,revised_aspirin,full_u1,20260617,500,227,False,False,makefx,179716,226,0.071835,0.026802,0.000867,0.017875,0.000742,226,0.071835,0.017875,0.000742,/Users/sara/Desktop/code/CHORUS-MLIP/benchmarks/paper/results/phase/four_system_audit_20260721/raw/mechanism_main4_makefx_cosine500_20260720/molecules/logs/revised_aspirin_ictc_phase_full_l_softplus_makefx_seed20260617_epochs500.log
mechanism_main4_makefx_cosine500_20260720,cheng_water,legacy_attention,20260616,500,474,False,False,makefx,163528,352,0.3207,0.05663,0.00311,0.032635,0.002399,473,0.323967,0.03192,0.001313,/Users/sara/Desktop/code/CHORUS-MLIP/benchmarks/paper/results/phase/four_system_audit_20260721/raw/mechanism_main4_makefx_cosine500_20260720/water/logs/cheng_water_ictc_attention_makefx_seed20260616_epochs500.log
mechanism_main4_makefx_cosine500_20260720,cheng_water,baseline,20260616,500,500,True,True,makefx,146688,480,0.223916,0.047319,0.002054,0.026625,0.001228,499,0.223944,0.026623,0.001226,/Users/sara/Desktop/code/CHORUS-MLIP/benchmarks/paper/results/phase/four_system_audit_20260721/raw/mechanism_main4_makefx_cosine500_20260720/water/logs/cheng_water_ictc_bridge_u_makefx_seed20260616_epochs500.log
mechanism_main4_makefx_cosine500_20260720,cheng_water,full_u1,20260616,500,500,True,True,makefx,165124,428,0.213454,0.0462,0.002459,0.02568,0.002097,499,0.21377,0.025648,0.00121,/Users/sara/Desktop/code/CHORUS-MLIP/benchmarks/paper/results/phase/four_system_audit_20260721/raw/mechanism_main4_makefx_cosine500_20260720/water/logs/cheng_water_ictc_phase_full_l_softplus_makefx_seed20260616_epochs500.log
